INSERT INTO space.space (id, name, key, requestsAllowed) VALUES
('11111111-1111-1111-1111-111111111111', 'Пространство №1', 'key1', true),
('22222222-2222-2222-2222-222222222222', 'Пространство №2', 'key2', true),
('33333333-3333-3333-3333-333333333333', 'Пространство №3', 'key3', true),
('44444444-4444-4444-4444-444444444444', 'Пространство №4', 'key4', true),
('55555555-5555-5555-5555-555555555555', 'Пространство №5', 'key5', true),
('66666666-6666-6666-6666-666666666666', 'Пространство №6', 'key6', true),
('77777777-7777-7777-7777-777777777777', 'Пространство №7', 'key7', true),
('88888888-8888-8888-8888-888888888888', 'Пространство №8', 'key8', true),
('99999999-9999-9999-9999-999999999999', 'Пространство №9', 'key9', true),
('10000000-1000-1000-1000-100000000000', 'Пространство №10', 'key10', true),
('11000000-1100-1100-1100-110000000000', 'Пространство №11', 'key11', true);

INSERT INTO space.invitation (spaceId, userId, role, creatorId) VALUES
('11111111-1111-1111-1111-111111111111', '8ad16a1d-18b1-4aaa-8b0f-f61915974c66', 2, '01000000-0000-0000-0000-000000000000'),
('22222222-2222-2222-2222-222222222222','8ad16a1d-18b1-4aaa-8b0f-f61915974c66', 2, '01000000-0000-0000-0000-000000000000'),
('33333333-3333-3333-3333-333333333333', '8ad16a1d-18b1-4aaa-8b0f-f61915974c66', 0, '8ad16a1d-18b1-4aaa-8b0f-f61915974c66'),
('44444444-4444-4444-4444-444444444444', '8ad16a1d-18b1-4aaa-8b0f-f61915974c66', 0, '8ad16a1d-18b1-4aaa-8b0f-f61915974c66'),
('55555555-5555-5555-5555-555555555555', '03000000-0000-0000-0000-000000000000', 2, '04000000-0000-0000-0000-000000000000'),
('66666666-6666-6666-6666-666666666666', '01000000-0000-0000-0000-000000000000', 1, '04000000-0000-0000-0000-000000000000'),
('77777777-7777-7777-7777-777777777777', '03000000-0000-0000-0000-000000000000', 2, '03000000-0000-0000-0000-000000000000'),
('88888888-8888-8888-8888-888888888888', '15000000-0000-0000-0000-000000000000', 1, '15000000-0000-0000-0000-000000000000'),
('99999999-9999-9999-9999-999999999999', '03000000-0000-0000-0000-000000000000', 2, '03000000-0000-0000-0000-000000000000'),
('11111111-1111-1111-1111-111111111111', '15000000-0000-0000-0000-000000000000', 1, '15000000-0000-0000-0000-000000000000'),
('22222222-2222-2222-2222-222222222222', '03000000-0000-0000-0000-000000000000', 2, '03000000-0000-0000-0000-000000000000'),
('33333333-3333-3333-3333-333333333333', '15000000-0000-0000-0000-000000000000', 1, '15000000-0000-0000-0000-000000000000'),
('44444444-4444-4444-4444-444444444444', '03000000-0000-0000-0000-000000000000', 2, '03000000-0000-0000-0000-000000000000'),
('55555555-5555-5555-5555-555555555555', '15000000-0000-0000-0000-000000000000', 1, '15000000-0000-0000-0000-000000000000'),
('66666666-6666-6666-6666-666666666666', '03000000-0000-0000-0000-000000000000', 2, '03000000-0000-0000-0000-000000000000'),
('77777777-7777-7777-7777-777777777777', '15000000-0000-0000-0000-000000000000', 1, '15000000-0000-0000-0000-000000000000'),
('11111111-1111-1111-1111-111111111111', '03000000-0000-0000-0000-000000000000', 2, '04000000-0000-0000-0000-000000000000'),
('11111111-1111-1111-1111-111111111111', '01000000-0000-0000-0000-000000000000', 1, '04000000-0000-0000-0000-000000000000'),
('11111111-1111-1111-1111-111111111111', '05000000-0000-0000-0000-000000000000', 2, '05000000-0000-0000-0000-000000000000');

INSERT INTO space.user (spaceId, userId, isOwner, role) VALUES
('11111111-1111-1111-1111-111111111111', '01d16a1d-18b1-4aaa-8b0f-f61915974c66', false, 3),
('11111111-1111-1111-1111-111111111111', '02d16a1d-18b1-4aaa-8b0f-f61915974c66', true, 2),
('11111111-1111-1111-1111-111111111111', '03d16a1d-18b1-4aaa-8b0f-f61915974c66', false, 1),
('11111111-1111-1111-1111-111111111111', '04d16a1d-18b1-4aaa-8b0f-f61915974c66', false, 3),
('11111111-1111-1111-1111-111111111111', '05d16a1d-18b1-4aaa-8b0f-f61915974c66', false, 2),
('11111111-1111-1111-1111-111111111111', '06d16a1d-18b1-4aaa-8b0f-f61915974c66', false, 1),
('11111111-1111-1111-1111-111111111111', '07d16a1d-18b1-4aaa-8b0f-f61915974c66', false, 3),
('11111111-1111-1111-1111-111111111111', '08d16a1d-18b1-4aaa-8b0f-f61915974c66', false, 2),
('11111111-1111-1111-1111-111111111111', '09d16a1d-18b1-4aaa-8b0f-f61915974c66', false, 1),
('11111111-1111-1111-1111-111111111111', '10d16a1d-18b1-4aaa-8b0f-f61915974c66', false, 3),
('11111111-1111-1111-1111-111111111111', '11d16a1d-18b1-4aaa-8b0f-f61915974c66', false, 2),
('11111111-1111-1111-1111-111111111111', '12d16a1d-18b1-4aaa-8b0f-f61915974c66', false, 1),
('11111111-1111-1111-1111-111111111111', '13d16a1d-18b1-4aaa-8b0f-f61915974c66', false, 3),
('11111111-1111-1111-1111-111111111111', '14d16a1d-18b1-4aaa-8b0f-f61915974c66', false, 2),
('11111111-1111-1111-1111-111111111111', '15d16a1d-18b1-4aaa-8b0f-f61915974c66', false, 1);

INSERT INTO space.link (spaceId, creatorId, name, expiredAt) VALUES
('11111111-1111-1111-1111-111111111111', '8ad16a1d-18b1-4aaa-8b0f-f61915974c66', 'link1', NOW()),
('22222222-2222-2222-2222-222222222222', '8ad16a1d-18b1-4aaa-8b0f-f61915974c66', 'link2', NOW()),
('33333333-3333-3333-3333-333333333333', '8ad16a1d-18b1-4aaa-8b0f-f61915974c66', 'link3', NOW()),
('44444444-4444-4444-4444-444444444444', '8ad16a1d-18b1-4aaa-8b0f-f61915974c66', 'link4', NOW()),
('55555555-5555-5555-5555-555555555555', '8ad16a1d-18b1-4aaa-8b0f-f61915974c66', 'link5', NOW()),
('66666666-6666-6666-6666-666666666666', '8ad16a1d-18b1-4aaa-8b0f-f61915974c66', 'link6', NOW()),
('77777777-7777-7777-7777-777777777777', '8ad16a1d-18b1-4aaa-8b0f-f61915974c66', 'link7', NOW()),
('88888888-8888-8888-8888-888888888888', '8ad16a1d-18b1-4aaa-8b0f-f61915974c66', 'link8', NOW()),
('11111111-1111-1111-1111-111111111111', '8ad16a1d-18b1-4aaa-8b0f-f61915974c66', 'link11', NOW()),
('11111111-1111-1111-1111-111111111111', '8ad16a1d-18b1-4aaa-8b0f-f61915974c66', 'link2', NOW()),
('11111111-1111-1111-1111-111111111111', '8ad16a1d-18b1-4aaa-8b0f-f61915974c66', 'link3', NOW()),
('11111111-1111-1111-1111-111111111111', '8ad16a1d-18b1-4aaa-8b0f-f61915974c66', 'link4', NOW()),
('11111111-1111-1111-1111-111111111111', '8ad16a1d-18b1-4aaa-8b0f-f61915974c66', 'link5', NOW()),
('11111111-1111-1111-1111-111111111111', '8ad16a1d-18b1-4aaa-8b0f-f61915974c66', 'link6', NOW()),
('11111111-1111-1111-1111-111111111111', '8ad16a1d-18b1-4aaa-8b0f-f61915974c66', 'link7', NOW()),
('11111111-1111-1111-1111-111111111111', '8ad16a1d-18b1-4aaa-8b0f-f61915974c66', 'link8', NOW());